episode,href,season,subreddit
3,http://www.reddit.com/r/asoiaf/comments/h1rh8/game_of_thrones_ep3_lord_snow_discussion_thread/,1,asoiaf
4,http://www.reddit.com/r/asoiaf/comments/h70dn/game_of_thrones_ep4_cripples_bastards_and_broken/,1,asoiaf
5,http://www.reddit.com/r/asoiaf/comments/hc7yt/game_of_thrones_ep5_the_wolf_and_the_lion/,1,asoiaf
7,http://www.reddit.com/r/asoiaf/comments/hn74o/game_of_thrones_ep7_you_win_or_you_die_discussion/,1,asoiaf
8,http://www.reddit.com/r/asoiaf/comments/hsiwj/game_of_thrones_ep8_the_pointy_end_discussion/,1,asoiaf
1,https://redd.it/gsd0t,1,gameofthrones
2,https://redd.it/gwlcx,1,gameofthrones
3,https://redd.it/h1otp/,1,gameofthrones
4,https://redd.it/h70vv,1,gameofthrones
5,https://redd.it/hc5ts/,1,gameofthrones
6,https://redd.it/hhn7n,1,gameofthrones
7,https://redd.it/hnvkl,1,gameofthrones
8,https://redd.it/hry6g,1,gameofthrones
9,https://redd.it/hxiwe,1,gameofthrones
10,https://redd.it/i3z96,1,gameofthrones
5,http://www.reddit.com/r/asoiaf/comments/sz3cs/this_weeks_tv_episode_2x05_the_ghost_of_harrenhal/,2,asoiaf
6,http://www.reddit.com/r/asoiaf/comments/takhr/spoilers_all_thoughts_on_episode_2x06_the_old/,2,asoiaf
7,http://www.reddit.com/r/asoiaf/comments/tlvy5/spoilers_all_episode_2x07_a_man_without_honor/,2,asoiaf
8,http://www.reddit.com/r/asoiaf/comments/twuut/spoilers_all_thoughts_on_episode_2x08_the_prince/,2,asoiaf
1,https://redd.it/roo4f,2,gameofthrones
2,https://redd.it/s00ti,2,gameofthrones
3,https://redd.it/sbgek,2,gameofthrones
4,https://redd.it/snedo,2,gameofthrones
5,https://redd.it/syuft,2,gameofthrones
6,https://redd.it/tafrr,2,gameofthrones
7,https://redd.it/tl9i8,2,gameofthrones
8,https://redd.it/twns8,2,gameofthrones
9,https://redd.it/u7dgj,2,gameofthrones
10,https://redd.it/uj7zb,2,gameofthrones
1,http://www.reddit.com/r/asoiaf/comments/1bdwim/spoilers_all_episode_discussion_31_valar_dohaeris/,3,asoiaf
2,http://www.reddit.com/r/asoiaf/comments/1bvaay/spoilers_all_episode_discussion_32_dark_wings/,3,asoiaf
3,http://www.reddit.com/r/asoiaf/comments/1ccwsb/spoilers_all_episode_discussion_33_walk_of/,3,asoiaf
4,http://www.reddit.com/r/asoiaf/comments/1ctp17/spoilers_all_episode_discussion_34_and_now_his/,3,asoiaf
5,http://www.reddit.com/r/asoiaf/comments/1daj1e/spoilers_all_episode_discussion_35_kissed_by_fire/,3,asoiaf
6,http://www.reddit.com/r/asoiaf/comments/1drdjs/spoilers_all_episode_discussion_36_the_climb/,3,asoiaf
7,http://www.reddit.com/r/asoiaf/comments/1e7iyt/spoilers_all_episode_discussion_37_the_bear_and/,3,asoiaf
8,http://www.reddit.com/r/asoiaf/comments/1enpw4/spoilers_all_episode_discussion_38_second_sons/,3,asoiaf
9,http://www.reddit.com/r/asoiaf/comments/1fjrxg/spoilers_all_episode_discussion_39_the_rains_of/,3,asoiaf
10,http://www.reddit.com/r/asoiaf/comments/1g0cv0/spoilers_all_episode_discussion_310_mhysa/,3,asoiaf
1,https://redd.it/1be1x3,3,gameofthrones
2,https://redd.it/1bvp25,3,gameofthrones
3,https://redd.it/1ccx1t,3,gameofthrones
4,https://redd.it/1cu0rx,3,gameofthrones
5,https://redd.it/1db0of,3,gameofthrones
6,https://redd.it/1drfve,3,gameofthrones
7,https://redd.it/1e7q6c,3,gameofthrones
8,https://redd.it/1enxeb,3,gameofthrones
9,https://redd.it/1fjuiv,3,gameofthrones
10,https://redd.it/1g0iz9,3,gameofthrones
1,http://www.reddit.com/r/asoiaf/comments/22dw8r/spoilers_adwd_season_4_episode_1_two_swords/,4,asoiaf
2,http://www.reddit.com/r/asoiaf/comments/22ypu1/spoilers_adwd_season_4_episode_2_the_lion_and_the/,4,asoiaf
3,http://www.reddit.com/r/asoiaf/comments/23juy2/spoilers_adwd_season_4_episode_3_breaker_of/,4,asoiaf
4,http://www.reddit.com/r/asoiaf/comments/245a0l/spoilers_adwd_season_4_episode_4_oathkeeper/,4,asoiaf
5,http://www.reddit.com/r/asoiaf/comments/24qh5y/spoilers_adwd_season_4_episode_5_first_of_his/,4,asoiaf
6,http://www.reddit.com/r/asoiaf/comments/25bkfr/spoilers_adwd_season_4_episode_6_the_laws_of_gods/,4,asoiaf
7,http://www.reddit.com/r/asoiaf/comments/25wjbe/spoilers_adwd_season_4_episode_7_mockingbird/,4,asoiaf
8,http://www.reddit.com/r/asoiaf/comments/272mm6/spoilers_adwd_season_4_episode_8_the_mountain_and/,4,asoiaf
9,http://www.reddit.com/r/asoiaf/comments/27nqdx/spoilers_adwd_season_4_episode_9_the_watchers_on/,4,asoiaf
10,http://www.reddit.com/r/asoiaf/comments/288phf/spoilers_adwd_season_4_episode_10_the_children/,4,asoiaf
1,http://redd.it/22dyc7,4,gameofthrones
2,http://redd.it/22yrz0,4,gameofthrones
3,http://redd.it/23jx2l,4,gameofthrones
4,http://redd.it/245c4b,4,gameofthrones
5,http://redd.it/24qjb3,4,gameofthrones
6,http://redd.it/25bla1,4,gameofthrones
7,http://redd.it/25wk3z,4,gameofthrones
8,http://redd.it/272m7f,4,gameofthrones
9,http://redd.it/27nrco,4,gameofthrones
10,http://redd.it/288q9e,4,gameofthrones
1,http://www.reddit.com/r/asoiaf/comments/32dzqg/spoilers_all_season_5_episode_1_the_wars_to_come/,5,asoiaf
2,http://www.reddit.com/r/asoiaf/comments/336jdc/spoilers_all_season_5_episode_2_the_house_of/,5,asoiaf
3,http://www.reddit.com/r/asoiaf/comments/33z5vj/spoilers_all_season_5_episode_3_high_sparrow/,5,asoiaf
4,http://www.reddit.com/r/asoiaf/comments/34rue8/spoilers_all_season_5_episode_4_the_sons_of_the/,5,asoiaf
5,http://www.reddit.com/r/asoiaf/comments/35jmxj/spoilers_all_season_5_episode_5_kill_the_boy_live/,5,asoiaf
6,http://www.reddit.com/r/asoiaf/comments/36beh3/spoilers_all_season_5_episode_6_unbowed_unbent/,5,asoiaf
7,http://www.reddit.com/r/asoiaf/comments/375bbd/spoilers_all_season_5_episode_7_the_gift_live/,5,asoiaf
8,http://www.reddit.com/r/asoiaf/comments/380s1u/spoilers_all_season_5_episode_8_hardhome_live/,5,asoiaf
9,http://www.reddit.com/r/asoiaf/comments/38yvmb/spoilers_all_season_5_episode_9_the_dance_of/,5,asoiaf
10,https://www.reddit.com/r/asoiaf/comments/39uyiq/spoilers_all_season_5_episode_10_mothers_mercy/?ref=search_posts,5,asoiaf
1,http://redd.it/32e2vv,5,gameofthrones
2,http://redd.it/336lyi,5,gameofthrones
3,http://redd.it/33z8s5,5,gameofthrones
4,http://redd.it/34rvno,5,gameofthrones
5,http://redd.it/35jpn9,5,gameofthrones
6,http://redd.it/36bh62,5,gameofthrones
7,http://redd.it/375e8z,5,gameofthrones
8,http://redd.it/380v9t,5,gameofthrones
9,http://redd.it/38yyly,5,gameofthrones
10,http://redd.it/39v18c,5,gameofthrones
1,https://www.reddit.com/r/asoiaf/comments/4gavuu/spoilers_extended_game_of_thrones_season_6/,6,asoiaf
2,https://www.reddit.com/r/asoiaf/comments/4hcv56/spoilers_extended_game_of_thrones_season_6/?ref=search_posts,6,asoiaf
3,https://www.reddit.com/r/asoiaf/comments/4ih5ya/spoilers_extended_game_of_thrones_season_6/?ref=search_posts,6,asoiaf
4,https://www.reddit.com/r/asoiaf/comments/4jisvr/spoilers_extended_game_of_thrones_season_6/,6,asoiaf
5,https://www.reddit.com/r/asoiaf/comments/4klca8/spoilers_extended_game_of_thrones_season_6/,6,asoiaf
6,https://www.reddit.com/r/asoiaf/comments/4ln1bl/spoilers_extended_game_of_thrones_season_6/,6,asoiaf
7,https://www.reddit.com/r/asoiaf/comments/4mq9lg/spoilers_extended_game_of_thrones_season_6/,6,asoiaf
8,https://www.reddit.com/r/asoiaf/comments/4nt78z/spoilers_extended_game_of_thrones_season_6/,6,asoiaf
9,https://www.reddit.com/r/asoiaf/comments/4ow37m/spoilers_extended_game_of_thrones_season_6/,6,asoiaf
10,https://www.reddit.com/r/asoiaf/comments/4q0ndz/spoilers_extended_game_of_thrones_season_6/,6,asoiaf
1,https://redd.it/4gb0h2,6,gameofthrones
2,https://redd.it/4hd212,6,gameofthrones
3,https://redd.it/4ih9bq,6,gameofthrones
4,https://redd.it/4jiw2p,6,gameofthrones
5,https://redd.it/4klgjr,6,gameofthrones
6,https://redd.it/4ln57b,6,gameofthrones
7,https://redd.it/4mqdy7,6,gameofthrones
8,https://redd.it/4nt8nh,6,gameofthrones
9,https://redd.it/4ow4mw,6,gameofthrones
10,https://redd.it/4q0op8,6,gameofthrones
1,https://www.reddit.com/r/asoiaf/comments/6npv2p/spoilers_extended_game_of_thrones_season_7/,7,asoiaf
2,https://www.reddit.com/r/asoiaf/comments/6p53tk/spoilers_extended_game_of_thrones_season_7//,7,asoiaf
3,https://www.reddit.com/r/asoiaf/comments/6ql4cd/spoilers_extended_game_of_thrones_season_7/,7,asoiaf
4,https://www.reddit.com/r/asoiaf/comments/6s27ld/spoilers_extended_game_of_thrones_season_7/,7,asoiaf
5,https://www.reddit.com/r/asoiaf/comments/6tj1qu/spoilers_extended_game_of_thrones_season_7/,7,asoiaf
6,https://www.reddit.com/r/asoiaf/comments/6uzjwt/spoilers_extended_game_of_thrones_season_7/,7,asoiaf
7,https://www.reddit.com/r/asoiaf/comments/6wg10h/spoilers_extended_game_of_thrones_season_7/,7,asoiaf
1,https://redd.it/6npvx9,7,gameofthrones
2,https://redd.it/6p55ok,7,gameofthrones
3,https://redd.it/6ql654,7,gameofthrones
4,https://redd.it/6s29hl,7,gameofthrones
5,https://redd.it/6tj3lx,7,gameofthrones
6,https://redd.it/6uzlp9,7,gameofthrones
7,https://redd.it/6wg2w5,7,gameofthrones
1,https://www.reddit.com/r/asoiaf/comments/bcrbyc/spoilers_extended_game_of_thrones_season_8/,8,asoiaf
2,https://www.reddit.com/r/asoiaf/comments/beg3hf/spoilers_extended_game_of_thrones_season_8/,8,asoiaf
3,https://www.reddit.com/r/asoiaf/comments/biae2p/spoilers_extended_game_of_thrones_season_8/,8,asoiaf
4,https://www.reddit.com/r/asoiaf/comments/bk76h2/spoilers_extended_game_of_thrones_season_8/,8,asoiaf
5,https://www.reddit.com/r/asoiaf/comments/bnm73i/spoilers_extended_game_of_thrones_season_8/,8,asoiaf
6,https://new.reddit.com/r/asoiaf/comments/bqeqj4/spoilers_extended_game_of_thrones_season_8/,8,asoiaf
1,https://redd.it/bd6n6n,8,gameofthrones
2,https://redd.it/bf3mrb,8,gameofthrones
3,https://redd.it/bhhmbm,8,gameofthrones
4,https://redd.it/bkdw4s,8,gameofthrones
5,https://redd.it/bn6wjp,8,gameofthrones
6,https://redd.it/bqa2qd,8,gameofthrones
6,https://www.reddit.com/r/freefolk/comments/bqpces/s08e06_post_episode_discussion_thread_now_we/,8,freefolk
5,https://www.reddit.com/r/freefolk/comments/bnxkzx/s08e05_post_episode_discussion_thread_now_we/,8,freefolk
3,https://www.reddit.com/r/freefolk/comments/biiu0h/s08e03_post_episode_discussion_thread/,8,freefolk
2,https://www.reddit.com/r/freefolk/comments/bfwh2i/s08e02_post_episode_discussion_thread/,8,freefolk
3,https://www.reddit.com/r/freefolk/comments/biq6bz/s08e03_post_episode_discussion_thread_the_long/,8,freefolk
4,https://www.reddit.com/r/freefolk/comments/bl7k4e/s08e04_post_episode_discussion_thread_now_we/,8,freefolk
4,https://www.reddit.com/r/freefolk/comments/bl7577/s0804_post_episode_discussion/,8,freefolk
1,https://www.reddit.com/r/freefolk/comments/bdaopj/s08e01_post_finale_discussion_thread_winter_is/,8,freefolk
